id,owner_id,creation_date,count,name,content
59641,klGQ8,2003/05/14 02:53:27,83,wsVrbb,trailing forethoughtfulness prelecture academization overemptiness endophragm Cryptocephala citriculturist interflux cottontail cecograph Turkophil frosting mongler Megatheriidae entangledly vivifier prooflessly improbable cinenegative
73950,pZ1T5,2019/05/11 16:14:05,1,vkhACbOlMpKPzWoe,prehypophysis supereligible overvehement cophosis cyclization nonignitible disallowableness overreaching ectorhinal peasantly strived stilpnosiderite anamnionic derate magirology seroreaction wat cicatricle superlie haustorium
95207,18Zhq,2023/04/21 08:43:07,31,talUrJYGgsUDSx,sminthurid butterfish untantalizing trinitroxylene floricultural Episcopally dietary otocariasis Culavamsa oolak baconweed Hornie Marpessa ringbark sexangle opposing ondagram certifiable spectrophobia upjerk
62428,UgGkw,2006/03/04 04:19:29,94,svhccRdUmetBpL,vatful wahine Guillermo bloodletting unbidable inspirer cranioclasm palebelly pneumony skippingly subhyaloid diverticulum ureteropyosis palmatifid incorruptly hypogenous mugience zebraic viduous mucoraceous
58794,ogLT2,2022/07/02 09:08:28,78,WHFGQLqMl,assimilability fiscal scenographical pharynogotome Kamiya Lonchopteridae tantrism Hydra mediatization nandine overexplanation moonlit jointly protractility strengite Berberian pallidiventrate ovile misdeclaration feaberry
83479,r0rth,2013/05/27 09:33:35,38,vl,tridentated carpetwoven stuckling thecasporal misfile hyperarchaeological Torontonian demoniacism abusively turbinatoconcave progrede demesman finickingness cretinous locomotiveman rectangulometer unfashionably knaveship misplease tropophyte
22255,DZLdq,2008/12/23 17:06:21,69,nrSKMMI,polychromatophile enwind mitigant paintbrush dysgenics uncivilizedly fluoric germal nonproprietor dyslogia medullization desponder magneticalness domineerer talking glowworm glandularly myelomeningitis roll casalty
42876,V0Qh1,2012/08/08 17:15:14,48,WCFBh,Carol baldly waterquake Nichael unmassacred presavage diathermotherapy bubble papaveraceous organoboron unbridle charadrine pediatry guimbard Comiakin centavo supramundane clothify frontad phosphatese
62203,7xcpA,2022/11/01 01:22:56,59,ShmEeFLBsCkBYAQserey,halitus electroirrigation decan ave eyedrop Grendel bassarisk Trollius sheepkeeper reflectometry credulous Sabbathbreaking nannyberry mule spinelike insuperability tuckner pishaug snowy fining
10383,E84Z0,2009/05/08 10:08:05,30,hiacgBuamG,lodgeable leiodermatous nondependent unfork blackstrap southeast Corinthian evangelion relativity improvident Obadiah conformably Normanize hyperalkalinity tarea meticulously macarize malacolite cranberry irritator
84388,GaTqS,2017/07/28 20:32:32,88,ppeO,pyodermic Cavicornia zoiatrics Oratorianism omissively regrate asperite nonusage celiemia Ascanius paradidymal venisonivorous heteromorphosis nese parsonly circumjacency wrought Oceanican camilla distinctness
75124,1ztEh,2003/04/03 01:18:30,3,xKhDFwvcbOoEV,vulpinism certie slingsman photovitrotype Almoravide paraformaldehyde fanam photographically underminister sheave foothook overbrush ethanamide nimbleness singularity tesack Vulcanian partless carbonigenous lamppost
45868,wf0fe,2000/01/28 03:52:11,79,SkYnfqCLUAHDvag,embassage afterproof ichthyopolist Gunz reliever unurged nongod impromptu Myxomycetales Leptothrix chatteringly tradecraft finagler scaff stormlike sublimely paroeciousness ringe caecally finished
75226,L54qr,2008/11/27 16:45:56,85,mmGkmZD,truckler Etruscologist melee rhizomatous eschewance disgustedly grip Brandenburger warmish ostiole prussic wagwit tussock underkeel nobiliary codbank dextrosinistral Taxus asiderite beleaguerment
26057,ZYCnX,2009/01/10 04:40:29,15,MnfGtVDqOUn,venomly mastaba locomotory scintillously surplusage palatodental Freyja transvectant misbias habitan disciplinatory trimuscular senecioid unmethylated staidly supplement twiddler orangism Vicki Languedocian
72192,KuukD,2023/12/15 18:18:40,51,EHpkmzNeksOxxdf,walahee optimal circumcise exequial innovationist borachio bossing bacilliparous boding calathus Acontias ovariosalpingectomy calvarium Angelo vergeboard algiomuscular amphiblestritis overstimulation enlacement plumoseness
55684,qSx6x,2003/04/08 05:05:00,10,LCzKPNq,decorist misotheist demonstratable ovicapsule homocoelous myrmekite brakehead suggillation thyrohyoidean tangs phaenomenal loath nameable pulpless cellular punchable Pythagorical anapaest Spitzenburg grappa
62475,9IDSX,2016/02/21 05:53:28,54,rDofoiRkFD,Pyrotherium Catty auxiliar semicollegiate disown inextensible subdepot nightwear exhortingly Knisteneaux triakisicosahedral bridgebuilding agitation Tunga yellow erythropsia sulfamine factitude antimonite ineffectually
16444,gYiug,2019/12/26 08:44:45,76,hbLnyBQzjiEqz,subsulphate presuccessfully cystoureteritis Justine autogenesis misattend overbashful fibrolipoma unwatchfulness lampoonist encomiastically halvaner redocket Gymnotidae fischerite cyanomethemoglobin effectually seaming drakestone stultiloquious
29291,FF8V8,2017/03/10 15:19:28,52,KerJRBCRrgMHTZ,Wahima downsinking uncentral nervous looseness apothecial alias hydrazino aquatical jiffy gymnocarpic largeheartedness cultish epigastrical prevelar Takayuki themelet nacrine chiasm chalybeous
40305,YuiCA,2018/05/10 03:11:50,88,NwON,shopkeepery auscultascope pseudoganglion monticulose axial phonogrammic adzooks calamitean undersomething Arianistic prayerless schonfelsite phantast thunderousness flyblow ascribe pamphletize legislational bisexed cachexy
10753,DA0C1,2012/03/17 09:40:14,32,TKKLaGlcdCMT,noiseproof roral migrainoid postdiluvian ashy metaspermous Snemovna diminutival hemadynamometer bobbiner ternatisect pinkeye meristelic hydrophilism gaize Napaean bathic ectosteally misgovernment rudderless
29615,b8CAZ,2008/09/07 06:02:52,44,sriglqyaOR,gnosiology engysseismology lunt gnathitis lexicographically Frankenia scapulobrachial tridentiferous untinted disliking Probosciger walkyrie doom Anglic betis suing honorance finikin pachydermial muscariform
75518,hdLHH,2023/04/04 19:43:25,14,qNrGn,nongelatinous irreverendly tenure Prosopis unmediatized cinema insensateness bug trichopterous Prunaceae Johan orage tui extispicious emigree rapid specking gastrohysterotomy tritanope Fabrikoid
1116,fXXzo,2019/09/10 13:35:39,57,rZwcHcWcxiMZOVJYin,Globigerinidae exequial priggishness turnplow aquaemanale Koipato acutangular excremental undeclaiming stroboscopic filterability Tachyglossidae Tarahumara undergrowl teachable archscoundrel unyeaned biparted riverwash eisteddfodism
80712,YNuxI,2004/04/13 02:07:17,67,eVVxqqLzvDFjyFNlN,underage uncomprising mantes isocorybulbin prey atomechanics thrummy intensate empirical latitude devaluate galliambic Monstera uninnovating tiplet antifebrile byword yin fitten reown
72949,jN4NE,2020/11/20 19:33:14,94,UBmq,hydrophyllaceous cryptoscope gaper twaddler Germanity tannyl Trochozoa subelectron antimachinery rachiocentesis unperverted harbingership supersensitive extraorganismal fifteenth carnification inexperienced preaffirm patheticalness monsignorial
14195,H4p4o,2014/11/12 23:16:30,47,kyrcvWiQmkznGqL,cyathophylline debarration unchangeful uncinariasis leptoprosopic unprecedentedness croaky Hemidactylus angiocholitis unitrope prognathy golkakra czarist cognizableness waterlike extrinsic genitalia overslip Armenize podophthalmic
38381,4FpqD,2022/07/04 11:19:09,15,fXYt,unslack adjudicate Thomism hike Jerseyman siphunculated overexpansive hexachloroethane fold keech inceptor mouthingly anilidoxime wisehead kilnrib chytra acridinium nonstooping unrecalled diotic
76537,vKJRS,2022/12/16 05:05:23,30,ac,Achaemenidae unboring Uiguric foam peery commendation deceleration adnomination geostatic seriocomically Loiseleuria counterbend overstowage extraneity beleaguer thecasporal accredited approbative enhearse tilth
7087,YQVI5,2015/10/27 06:22:20,8,zOD,fixer acromiodeltoid uncuckold pythonize affidation suspirious coaggregate copalm wainful Saxonization inimitable Xenophontic nonbasement bestrew esophagometer palaeofauna draggle antiparalytical cerebroscope preprint
37720,u60Vf,2018/12/17 05:30:12,33,ZLoG,jasperoid unfigured storiology tweesh errorless cyanopia foremeant Helen chisellike spermatorrhea quieten treacle clubwood honoraria summertree defense hysteron Jesper Curuminaca paratactic
49913,CTSWQ,2018/08/26 07:34:47,3,KJqTGmOdOQH,butterfat mononch intersidereal danaine bedfellowship established Kinosternon ferinely spoiling found shogunal owergang scapulary enguard tremulant penthrit resurrectible trialogue archichlamydeous confidently
12803,kH6KG,2003/07/19 06:13:03,58,xrvqfVfWrEQxOarBp,panhandler Ammonitish daverdy Coniothyrium Clement uncasual pixilation rascaldom euphoniously Abrahamite amasthenic hypogenesis gamont murre predespicable thirsting sesquiquartile pisciferous paratransversan astrologic
71863,xwsyu,2011/09/21 00:19:58,63,FymnYieaomWUXfsnBSS,upknell therethrough pseudocyclosis posterolateral protrusiveness invitable summariness overrudeness rigbane marguerite wips reswarm neele aardvark jongleur pollan scrapeage exulcerate postprandial lithotype
43766,w2P6F,2004/05/11 16:20:05,31,cgR,loveful highish Magnoliaceae endolysin fleckled unfile agronomic Chiasmodon preinvestigate willness bolling hyponoetic nymphet Canopic Juglandaceae pneumocentesis megalocyte scenting adnascent supererogator
31690,CKHqB,2001/07/20 21:28:55,23,uubURfkEAUPdkJ,ergometric gypsywort cholum Blake Alcidae lurrier uncruel festoon encallow fisherboy intromissive archangelical coassignee thermopolypnea usurpatively balanceman threnos Spirographis prodigy balladry
43318,H2ulm,2018/04/11 02:43:14,96,pPSFJPnRFeirHpips,pean perceptible stutterer mastiche chololithic pedagog leucotic penetrating shrubbiness subdial Caridomorpha crowingly watersmeet stupeous acromegalic buttons Striariaceae madid intransigentism sussultorial
53442,8AAuI,2004/08/22 15:24:33,65,pPphnQhLustGGPZLCNCB,hacked tottlish bigoted oxybenzyl cadelle thalamite equilibrative derries corrade gingham panman betipple tuke flockless facete Carlylian acridly Sybaritically imparsonee acrobatically
30254,fl1Gj,2017/07/07 00:02:43,15,EIgOSIfLIh,haemuloid yardwand resolvable unligatured Elsholtzia casualness calcaneotibial alto relight unpretty resensation scarfed boroughmongering Corycia unlikeableness rostellar retiral polymyarian feared stereocampimeter
36113,6KQLu,2017/05/08 07:50:52,31,ofy,voluta subastringent unaccoutered proconformity sheriffwick unsubdued syngamic fearer beatific believing titmal entame acroamatics encroachment pholidolite acervuline drudgery barkcutter windstorm eshin
84113,jsihC,2007/07/04 12:29:05,69,QWkxMQcTZEklrboNS,rhythmic unconsentaneous numdah frontalis exhortator rephrase astrolater Schizonotus adpromission fortunately bichromatic disengaged dissoluble Kate pinkish unenterprised shirtlike Baining Antedon lymphocytotoxin
67119,sJQHp,2001/11/06 03:40:06,74,UAYOGpMZrV,Cephalata constructionally oenophobist lumbodorsal salamandriform moted overpatriotic powermonger dyslexia vibrioid unrepellable photohalide Quasimodo contumaciously etiotropically unsceptre androtauric nonabolition hypericism ophthalmalgia
21701,lhvZb,2015/01/01 19:38:48,19,zYNAYxSVpmTNHUihB,amnion portly Yucateco triplumbic furnishment yellowness isobutyraldehyde russet urethratome potassium desiccation contradictively Percesoces phonomotor introducement Wahabitism voiding preconfiguration bonify thecasporal
16184,PjYI5,2017/10/28 04:45:11,3,GuNzARJ,outslink principulus longipennine counterriposte gaufre unacceptance kyat Spergula Aitutakian silkness highest lowy alias diaristic undernoted ewerer Noachic seated plastify incomprehensibleness
11052,96L2Z,2010/06/22 06:18:39,46,ocGEk,contraplex skidding Panathenaea semiallegiance backwardation unhilarious thermoneutrality foreshore bunker aurotellurite phanerozoic cypseliform raphidiferous endocarpoid elusion bottlehead Crescentia rascality rationalisticism rotiferous
10954,2HijQ,2001/09/04 15:57:00,3,GQSWTARXVkacpUYWBWKu,indistinguishability cyanogen zoned jumprock microanalyst Gilia criss angiokinesis enucleator Sadducee antigalactagogue prevaccination seawardly chance unphilosophic inoxidizable hairworm sare forecastle autistic
29831,xSNVt,2003/09/04 14:57:28,51,gR,preconize curst hipe microcentrum feudalization ratihabition strobiloid unsister Romaic sanctionary Andorobo trapezate Oreodontidae periplastic infraspinous polysymmetrically cyclocoelous recopyright lucubrator Halopsychidae
86016,cf13t,2014/02/22 00:18:12,94,GPf,recant nonrespirable undeducible unmuzzling myenteron mastic pyrotechnist anakoluthia athrocytosis baetylus picky virgate Addressograph felliducous epipubis stature hurricane obligor momble echolalia
67756,kJqKF,2019/03/18 18:22:55,46,SiYeeKh,laminated gonial pentastome circummundane hemosalpinx foot devaporation Saify schoolcraft sedimetric bycoket autoschediaze brothy tean scud cryptographical Astraean topped Osmanthus geotical
53718,OOwJM,2015/12/09 13:13:22,17,rsWVRMeydzjJRhvCJbs,letdown scrollery cudgerie propolize stancher anomalocephalus Hattic myelogenous Synaptera foots hemadromograph continued sclerophylly endoproct vihara magnisonant chemosis uninervate holocephalous Quakeress
49505,qvye3,2010/11/08 10:01:59,10,GbZZtFFFsXfqPxGJazG,diacritically stormlessness electrophysiology chirality heterognath aquapuncture posteriorums tangibleness squintingly conductio bilious demonomancy glutinous conjunctionally portico Raskolnik unrecurrent pettish geometer coomy
80961,YhFbd,2015/06/03 06:05:08,91,lAzRXkyDt,chemism Hurrian epigonal monochroic gauffre shipplane disincarnate colliquate unbeneficent hydrolyzation pumpellyite emotionless counterparole uncontinent rutyl infolder mesopleuron sweal dysarthrosis bacillosis
13383,O011Q,2015/02/08 21:00:11,38,mirtEuKdHSmODzf,courtepy perpetualness unballast usuress stance aerographics unslackened ennerve vinaigretted pedomorphic dispractice nunhood Paramoecium iodiferous pantomnesic Argid prionodont architecturesque jestproof iotize
96948,FU0n9,2009/06/07 13:50:10,37,HkAhxfyos,birdman priacanthid Nettie firmament agriological thioarseniate desmocyte fanwright inflectionless discomycetous endoplastular autoallogamy popinjay bothropic unfabricated noup puppetman shackatory scrive unseaworthy
97532,dWEla,2020/04/28 21:10:09,97,RbBCyDh,ultimogeniture Oedipus inofficially supraglacial hyothyreoid antronasal countercommand bowfin nondegeneration pyloralgia swatter retook butyrinase spreadover assonant recognizance befile quadrupedism enclothe phleborrhexis
81575,VUKdG,2015/08/28 22:28:24,29,aighoJAuE,inleague crossbill spinelessly miauler cytoplastic areologically cornfloor evilness imbricately Neisserieae mantra cavernous cattery guildsman disimbitter intersolubility monodramatist scrofula bhakti Burseraceous
84508,M52U3,2007/09/13 01:07:14,35,nOrrzGjmm,discretional bemadam laterocaudal floodlike emotionable preplot sclerosis teetotumwise metoposcopic Hetaerist glottological dullhead point appeal punditic gloater hernioid jacinth copalm Tritonidae
9657,fW6qF,2011/11/26 13:36:40,38,klWNY,Ubiquitism yam soulsaving unsheltered spyer draggletail seater cacotrophy overtly lifespring Plesiosaurus lithonephrotomy opisthoglyph doggedness ubussu overbreak quadrauricular adiantiform misauthorize seroperitoneum
27769,xROqC,2009/03/22 11:52:05,40,mzopusOKFPwMeit,spermatoplasmic lowmost bacalao hyperdemocratic unvoted unvaliant bortz factuality sarmenta administrant subinsert bulker chattelism unprescribed devotee screechbird samariform escalate coruscant monohybrid
35621,a4HK9,2007/12/03 02:42:57,13,yIgiXVTjKw,lactiferous disregardful archshepherd undertrick tsarship loom frequentable hurlbarrow subdeaconess semicentury transappalachian outdrink homilize uvanite ambassadorially Skupshtina Ceratopteris suburban quadrupedation dialyphyllous
85090,IJSvE,2003/09/02 19:21:03,10,BTJh,frigidarium dervishlike overstowage martite superfunction Tuscarora Actinocrinus admirator shakedown brachycephaly imperceivableness unsportsmanlike snapper fanegada housemistress misogynist ictic forevalue pillageable rectinerved
32222,zvaiw,2014/11/26 05:33:45,53,JvghfAlYhB,inofficiously sarcolemma galvanotactic ruficornate celiomyomectomy grackle unhumbugged trigonotype brachystomous praecipe thermochemical gawkish benzothiophene squitter uncomplemental backswordman monosemic rascette overpolish sphericality
16033,CSMY4,2011/10/10 08:48:10,92,NgwFo,boarwood infolding sweat Himalaya auxesis radicular lors Eudist imperfectious dispersement ultrafantastic internationalization corkiness orderliness spindling stoond iditol Tipularia woodland groover
9009,cmzID,2022/03/05 12:26:28,51,NbOHwSTBLqS,sparrowtongue unsimplicity asker ramate heterogeneousness nonterritorial monochromatism swordless Mnemosyne chrysoprase unexterminable autobiographical trisulphone gladdener tripartient zincograph ovocyte wallaby endopterygotous jingoistic
47037,1iRRT,2017/11/07 11:16:47,1,eQvDVxygE,unmisconceivable underpay intransigentism birlieman checkerwise parchingly tinlet bright renegation Turco trunched scorekeeping estrogen apostleship burghbote soldi platydolichocephalic unchiselled cardboard torques
5938,QcUVm,2019/07/11 13:34:40,37,Pk,wiseman Bothrodendron marbrinus slipperyroot bepewed Alvah Metazoa investigative Pahouin Theligonaceae neurovaccination dactylous stegosaurian Palamedea bosser cuminol garb unailing stereotropism phose
13275,n6GPj,2014/02/09 09:09:21,93,RqYAcLsArmTSSSH,farm wapacut unverifiably terraefilial Achlamydeae recallist sackmaker Macrocystis aceraceous pantogelastic paddymelon undeep oystergreen werewolfish Ashantee Stradivarius ancora rouleau Tatar englory
22422,B7zif,2014/10/23 16:16:24,45,pJGJSgtXoDifaV,cinquecentism boastive at Bororo buteonine mislive floccose neatherd hastener souchong ringgoer tubbeck stockwright asperite adipoceriform chromoscope compulsorily twelvehyndeman fleshment press
16192,LJ2zO,2023/05/15 12:40:13,60,tTEkxGOScUuIci,hearkener spouting effusive uniniquitous granter respray unexpectant iniome unbreachable deputy bradyspermatism scalpriform heartikin mesioincisal rosinduline intermediation unformularizable unlabeled nonprovidential acid
22078,vj3tv,2004/11/14 08:08:10,9,JgGzfAUomkiFjXhq,Montes befittingness Holophane modeless dartrous homaxonial ichthyonomy ablewhackets alodialist humble societal decemviral weighted Nymphipara aurichloride shadowfoot Hydropterideae hallabaloo Ged photophony
84347,5rCHs,2008/09/26 05:32:18,50,hJQax,kivu semiegret hydrachnid overdignified impofo intercitizenship pancreatopathy scraze leucoid athanasy caterva Macrorhinus nuciferous duim goodish zoographical cuttail trimerite lomentaceous interpretative
96403,ZVGzq,2003/08/17 18:31:06,89,CBOthLIfCkOczFGqZgeG,impulsory eugenesic bogue overrange microlepidoptera outporch tricompound gleeman demigod sophism bread ovopyriform umbrellawise paramagnetism paternally calfling dactylography unfielded Tabloid sixteen
12344,bV39L,2000/08/07 17:31:11,97,HBqPmR,percipient retroflexed frightfully fishbolt triangulopyramidal hypertrophous antitheses astucity negligibly bray laughingstock subereous shadowy Chayota salvific avowableness donkeyback beavered fardo dacryosyrinx
98346,AVwzM,2012/12/05 02:43:32,28,WDPRNnIJOj,mulattoism salvageable Takelma homemaker bollard symplocaceous respecter amortisseur apiarian underofficial unconnectedness locus ahwal nizam ladler bisimine Aulostomi countersalient demutization phlebostrepsis
50573,UXl18,2003/07/10 08:06:40,61,zHLJwgrjHk,detachability goring paranematic oxyhexactine indigoferous Idoistic caretaker hillebrandite pedestal refrainment overelegant isobar toph mimiambi triluminous affine chincha redigest harbinger pseudoprimitivism
8718,43l8J,2023/10/28 14:40:34,56,LfQopDwrvkomSRwuk,agoniada swivellike throwdown joggle extoolitic preambition masterling goodishness Rivinian congressionally toecap symploce spoilsman rotan nonaltruistic hobble Agonista clitter deed hymen
95342,o4Q01,2001/02/13 01:06:23,48,qstHmCeEFQRyVz,verisimilitudinous obtain uncautious nieceship brongniardite membranoid pantheic toned literation straightforwardness Gamopetalae interstadial cardiomegaly forefeel enteroischiocele Mohawkian resudation dacryoblenorrhea nocturnal Greekess
29065,56HW8,2022/11/02 02:29:52,64,GNCMAcpymfuesMjJtq,clipsome appinite jeopard argentiferous imperceptibleness unadvisableness detur foamingly symbolization deambulatory suber casino sonk earthquake preconduct unwrinkleable intransparent shallowpate interestingness inapostate
22844,nj74k,2019/01/23 14:04:41,31,dhsDVlnCIQTpzynef,fluter prepositor antifeudal Maeonian precomradeship favillous rectifiable makership furphy theocratist pseudosyphilitic kilnman relove woolsey aloetical ridgepole graith Tapuyo unexcited ataxiagraph
10518,4dXXb,2004/10/16 03:19:27,49,SJfEdrYuQurPQLlYyU,forecastle capitalness hydromedusan blepharopyorrhea boopis supplementary dissolvingly oarswoman Shree endoskeletal surfusion propylacetic assassinative Tyrsenoi pluckedness shortchange unprepared emplastration lectureproof Psammophis
61471,eqgzO,2014/08/22 10:58:19,79,meABZZPnS,chrysopoetic nondispersion Apterygota expiscate Callicarpa matrimoniously unmagistratelike freakdom rancorously communer prayerlessly throatroot irreprovableness Echeneidae microchemically fossorious upbolster phrontistery chinotoxine ringtail
21097,juX15,2017/04/05 10:02:23,60,VnmMGRVoIhodiTfxlBW,frontstall sepicolous misstate capillament bidential bushbuck Sideritis counterbewitch slothfulness prickmadam unsubduedness degradational Ogallala tormentor Chenopodium inkwood fletch extradotal bricktimber moonlitten
97727,WBSx9,2006/10/09 12:57:02,59,JhsdluUPG,nonmobile secession scienced liturgiology Munychian niota backie drybeard archistome garnetberry juggler phonogramic unjustness multimammate cashew cipherhood metaline pardonmonger southeasterly grimacier
98473,olTSu,2013/08/26 12:51:30,7,YtH,rhabdium evangelically unhardened misdispose cohesive erythrochroism hematemetic Xenophanean Cestidae deplete pachyglossate subbronchial precisely thrast dasyphyllous gymnospore covellite anachueta Peridinieae chokingly
11289,mDkWj,2002/04/06 21:45:26,96,ez,spiculigerous contractation thallophyte unresistably fingered unreluctantly chromatype apneic Shakespearize plumpen mismanagement Macrophoma liquescence unilaminar Polonization centenionalis reconvoke bugaboo churnstaff noncrinoid
29529,B0pOF,2006/03/22 05:46:33,94,Z,alar sinuation ineruditely redeliverer exogenous predikant aeolid melotragedy esterase cephalospinal linguidental dronage cauliculus veratryl outside unoxidizable tribeless sporangiform kitchendom supermannish
55220,lLUge,2001/02/20 16:58:41,99,FoYoi,orant solenocyte Jacobitical preoccupied persistiveness minisher unfederated scandalous viatorial Owenia unlaced patchwise bassetite sciatically slimsy punter subnubilar parturience blip odontonecrosis
2089,cOwik,2017/11/04 15:31:37,60,OfFKiwBNPcaQUePufMRM,rectitudinous slumbering resew unthrifty gauzelike oxymuriatic hexoylene sunyie stative outwar Philohela daleth Nahane shroudless tawdrily Aeluroidea swaler guttering entozoal cytochemistry
4654,Be6Vz,2022/12/17 03:17:09,10,T,tithonographic barraclade natrojarosite sinkable libidinosity unstylishness antritis disentail subapprobation byword embolo Sakha coforeknown ironice ciliograde exotic penitence Branchiosauria seat intercomplimentary
5610,gjIOT,2003/12/26 03:18:34,53,NdcwPSGVNmzPIhY,similative acnode endarterium goldenseal osotriazole uncohesive Rajendra assyntite Hieracian ophthalmoneuritis affectious abiotic ectopia crepusculine supersocial recongratulate misconclusion dabblingness muricine bastide
56627,YgWw7,2010/10/15 13:04:39,50,kfznFJTJcOkygfvTclCn,Boselaphus onychia blackstrap orthophosphoric guana epidermically reekingly opsonophilia Gruidae boyardom featureliness auxiliation diphenylene coiffure glycocin zadruga meningosis sassolite philanderer muffled
26851,1C9XO,2016/03/19 18:38:15,55,OSHWuRPoIYYCgwg,ossiculate eleemosynary overthought Semnopithecus monergistic Jerseyman basinasial paroptesis outpay inconceivableness viduage unpaintably disinvestiture lackland Mohammedanization harassingly unfuddled ulexine aggroupment polaxis
22897,AbYKu,2020/03/24 19:42:12,2,krqjzurbJDkUqeuEh,parfocal mollitious cogonal hough ombrophile jobmaster tanbark salamanderlike opiniastre sleepingly Mareotid deediness Cyanospiza takable previgilant educible tinamine offscum atchison Volans
48837,MCKrV,2006/02/16 18:12:00,86,gYa,polytitanic forthrights frantic fungal chickenheartedly distilling tetraonine campward enemyship Nicobar circumambulation undespairingly hyperpiesis nectareous laeotropic melancholiness intactness skied klipbok overadvice
93731,rw9Z3,2005/11/13 06:47:29,12,Harp,supersingular Japanese thermoelectrometer inquilinity bacteriodiagnosis nephelorometer fortifyingly tragic delightsome apologetical nice foreremembered fibrination tuberosity untongued prenursery metepimeron dipolarize Shawn uprein
66888,3Zpfu,2023/09/06 02:45:56,26,y,domelike triapsal enarbour toughness donation gentlewomanly relinquish abask obstructedly dado Rotal sisterliness subdolously sulphine fucose miscarriageable rhomborectangular aranga aurorally palar
79187,Dstz1,2013/07/06 12:33:20,37,TyGBgiNuAR,burler pseudogenus tamber migrational hermitish metrological propitiative radiogoniometry subcommander wristwork counterswing vineatic pterygode tunner inactive gastroesophageal insulting adati haberdasher commix
26269,IeAr0,2018/02/15 20:00:13,70,Vc,spaniellike mountaineer tyrannicly Loddigesia proconvention pewy augurous cleveite manumissive concameration pharmacognosia freezing tabescent pseudembryonic pinda nonbetrayal Jagannatha stampery flustery Platanista
86253,VeW1m,2003/10/24 14:07:17,97,DL,doughy archantiquary lambliasis neurogenous springless pyritous nonproportional conspue jingling decaffeinate microdentism milkiness serratoglandulous pseudoskeletal capsular apalit unbridle stilpnosiderite dystrophy deliberator
41957,pdclL,2003/01/09 19:56:11,12,wLYovCnpUlPzSb,spermatangium morlop Marcomanni olena adjudicature psychophysiologist unyouthfully papistlike quinquevir amphithect arboricole omnipotent Titanotheridae Callianassidae farina Ampullaria photoelectrically syncretic conventional mimetene
23252,yb6yl,2001/06/11 15:05:35,18,uAXEWm,ungowned dockization multispindle slipsloppish magnesite amelia fatiha tumuli societyish orbitolite hydration Netherlandish velocious akoasm diathermize Phasmida nonstriped triblastic recitativical clayey
16768,pfTcT,2003/10/03 22:27:21,88,y,burry waiver dhoti oilometer preallowable especial undergrounder Hibito amtman shat nonexecution diminution shamesick vaudy ruddy nonapostatizing sporule pyrophosphate chondrophore fallage
41481,HSRaW,2004/08/01 06:20:43,7,MZHWsfHmpJ,mangelin palberry overrichness Daltonian nondo uncoagulated faience revoltingly helmeted weirdliness panurgic supererogate Biddulphiaceae Darwinistic Grace spongophore etua underframework acanthodean apheliotropism
11752,PrDsr,2021/02/26 20:24:22,45,NdpLGhSI,xiphydriid jiltee meriquinonoid dactylographic inconstruable osteogenous Rudista Arhauaco fraise extraretinal titillater decyl precipitinogen reproducer excoriable punctiliomonger bodiless rough plicately ultrastrenuous
69688,u8jP3,2003/05/27 10:16:20,40,NmartAdsAiPZbc,Dieyerie cornified stymie squirrelproof millionairess terracewise ocellated willowed autoeciously totchka creen intracarpellary maliform Themistian boregat Puschkinia verifiably guardfully dibrom argillitic
51779,QTl9L,2021/06/28 21:35:22,51,xGSseNtjHCLNdGVnoRQL,lab Guacho seventyfold Andreas Lex roisterer prunably complicated antiphthisic concretism teahouse paleostylic Daneball unvenomous telegraphist cleistocarp planula dyspituitarism mitigable typhloalbuminuria
77386,iJxV0,2001/01/25 13:54:52,6,S,Meniscotherium sphaerosiderite sonar interreticular agoge firepower prefamous runghead unavailed caries orthopterist perambulant bimonthly perianthial cancerousness octovalent perisplenic alangine retter waying
62313,8gdkw,2007/11/04 13:36:05,93,PLJhxbtQsPMGLr,heliolatrous incavate squamosodentated repot dragbolt comparatival annualist pang chorizontist fellmonger linpin Chlorococcus Sabrina wise cuscus ratheness dreepiness toxigenic optimistical considerate
91702,RTVuG,2023/03/28 13:03:10,54,iR,plasmodesmal crayon talkful ideologic grenade blur novel bactericidin annealer bibliothetic Rhipidoglossa intermaze overpending glandiform muchness wimplelike guildsman epistolarian postinfluenzal Polonize
3618,CRsM9,2004/04/10 23:10:39,53,uMEFhUYslUVZ,gussie arcubalister away Walachian flintlock readmission Ajaja raillery carcanet compossibility pinchem Lollardian tephroite semiscientific sinkhead nonprovocation neal Anthemis Typhonic amenorrheal
79132,s0bIm,2023/02/14 12:18:14,92,bAriZNaSbQoaEpm,hippodamous Brunfelsia sickbed benzolize premedia deathify emprosthotonos blisterweed curvaceous acrose bloodshot bedrail counterwall murrain otological Acronycta telegnosis hectowatt sphenography transvestitism
44830,RFNy4,2014/07/23 12:58:10,36,Iy,abbacy angiotelectasia Valliscaulian bullyragging breastmark aureate uncounsellable mudland Michelle checkerbloom unoriginate iconophily underweft plagiaplite disposer liniya byname pursily cowlike dilamination
44170,Girdj,2012/11/02 07:50:05,12,ldoFSSovMHeM,toluidino oakberry unbendsome semivital malunion extermination wainwright chummily bathysmal malting Caprimulgus unadhesive resurrective pharyngal unbehoving buttonmold extramorainic underpot centuplicate disgeneric
74019,e9uHF,2015/12/02 21:34:12,37,PB,Vedantism havel platypodia compotationship Saturnal gerah nasty unphysiological taeniiform argentum moko bagnio copesman pervadingness perniciously obeahism forecar Yajnavalkya junking overtrue
49105,4iGTc,2004/03/22 20:01:47,21,BRGkNGfn,parabolicness justicial chkalik membranosis Cyprinidae unsusceptibly ariot khedival attingency chloralize achromatize nonimpairment kerwham hostess insnarement symbolical gasconader crescentwise scribblingly proatheistic
6800,iskoK,2010/02/01 22:47:46,25,yQSZln,unbeclogged phorminx subjectivity mallemaroking shisham unforethought squadrate subpurchaser gambet auscultative sphincteric mandate percussiveness gaydiang biennium nonresumption scrivello exhumer ventriloqually shraddha
82173,SqwfY,2014/10/11 18:42:40,60,ocfhEsFhy,luridly irreligiosity ligamentary fanfaronade Thylacoleo conicalness imposture colligible heptarch extramolecular wardswoman pontify primevally parage philocaly buttermilk unquietness bouge legpulling modifiability
25168,LWEYS,2005/01/02 15:50:06,86,USSe,vigilante impertinentness complicatedness fikie curt Donna olivet mawkishness peoplehood calaboose Decodon apneic thigmonegative Frangulaceae discovered biserrate zonolimnetic cothurn puppysnatch resuscitative
50643,iUSoj,2015/10/03 03:41:58,91,xzRvFBjwmUZ,flowage unruminatingly simile oxskin interclasp arraign peephole unestablish piniferous heliotype letchy storken tody decoagulate title auctioneer uncivilize devourment pseudosymmetrical hurrock
75932,Ppc0e,2016/12/17 20:22:39,13,fSI,dysoxidize Morinaceae obtainal barycentric polycladous semishrub aluminite heroess stythe villageward landslide dotishness Vulgate exogamic deedful unliquidating Condalia Selaginella aisle progresser
20633,OOZ4k,2009/09/01 19:37:45,89,sYImRYeECOgXywCLX,Estonian Tubicola melanosed isochronic unsleepably teatlike tetrafolious shoptalk houseman swaraj nonchampion flasque Alcyonium perdurability anomocarpous comous assistant bordroom Taluhet fermentatory
84859,HEqyu,2007/04/17 05:15:28,21,OChNBOBLIOBlQadqv,unhopingly Sabianism thyreoepiglottic landlordism livableness nonvinous fruit deconcatenate phaselin pewter symphonion floressence mixblood suppressed pigmental strayaway nidamental pachnolite Cycadophyta abevacuation
36744,PRRTs,2011/09/28 21:38:48,32,nxfCRmIhmZXIHISSvHvN,avifauna spidger charge uncomfortableness depreciatory depriver slacking vallecular laughsome malidentification cerianthoid Polyplectron syncretist semigentleman nomarchy inquiet uninjurious antiphysical untumultuous superaccession
60900,ncbXA,2004/12/01 15:17:05,63,maS,ashake astragali wagonable superbias pisanite abjuration Mariology coccidioidal dicrotic botchka populational statoreceptor completory supertotal xylocopid carbasus codhead retiredness mastlike malaroma
73117,7lMVk,2023/07/05 17:46:16,11,GgggYnZmzTmnaXvps,threonine augmentative xenylamine prorealistic impanelment ameliorableness whenceforth affinely anorthopia crematorial dorsoanterior corker lexicology hoppergrass sharpshooting polyonym Prussianizer Monocystidae overcareful cephalodymia
99466,T0yYm,2008/06/03 06:35:03,35,damCaoRJiOtaVGBl,fatiguing campfire bordure hexahydrite dragomanate mesoventrally abyssolith operatable dont ink Lenca agonizingly scaled predepression fringed Turkophil alginate coracoacromial ventromesal unmortified
52974,3k2AO,2019/07/24 22:06:23,52,SgllsrZunYcZLBpSKJ,railwaydom itchweed anguished leanish minorate lymphopenial mud uncontrovertibleness sermonettino incrementation tracheobronchial multiplicand paralyses reagitate underzeal patrocliny infectiously Portulacaria hemipteroid quickborn
